{
  "train_loss": [
    9.796209801567926,
    5.956131320529514,
    4.554350386725532,
    3.936945406595866,
    3.525833331214057,
    3.2396121501922606,
    3.0194852458106145,
    2.8500260617997912,
    2.6999081982506645,
    2.570681185192532,
    2.4489690621693927,
    2.342642905977037,
    2.2374265246921117,
    2.171791818406847,
    2.060928331481086,
    1.983189304669698,
    1.912548287709554,
    1.8711257139841715,
    1.7713415092892117,
    1.705551118320889,
    1.646833939022488,
    1.5835570176442464,
    1.533065292570326,
    1.4772053718566895,
    1.4342140118281046,
    1.3878841532601252
  ],
  "val_loss": [
    6.938040892283122,
    4.8391744295756025,
    4.066843509674072,
    3.573263645172119,
    3.2850541273752847,
    3.1091887950897217,
    2.9907186031341553,
    2.893951972325643,
    2.8249241511027017,
    2.7804394563039145,
    2.759342988332113,
    2.726199467976888,
    2.710198084513346,
    2.6911982695261636,
    2.686089277267456,
    2.6800429821014404,
    2.730858564376831,
    2.6813461780548096,
    2.6971019903818765,
    2.7030719916025796,
    2.721747875213623,
    2.7398410638173423,
    2.763444264729818,
    2.7663767337799072,
    2.7878673871358237,
    2.8256258964538574
  ],
  "val_perplexity": [
    5.6661519735775565,
    3.3527925895328714,
    2.764088370674858,
    2.443217727461257,
    2.273370499583055,
    2.175584140381462,
    2.112093531863285,
    2.061611571227142,
    2.0263396507964133,
    2.0039292216800564,
    1.993388086543909,
    1.9769393521172105,
    1.969046708131075,
    1.959716005089426,
    1.9572145594379815,
    1.9542583200554529,
    1.979243381448155,
    1.9548951191677069,
    1.9626105446958382,
    1.9655419285342226,
    1.9747404436964409,
    1.983693013822422,
    1.9954329935835862,
    1.9968964163220806,
    2.0076539408919554,
    2.0266951755889377
  ]
}