{
  "train_loss": [
    9.887120480007596,
    5.988222206963433,
    4.533476914299859,
    3.892386606004503,
    3.469901116689046,
    3.1783868895636664,
    2.960784716076321,
    2.786537207497491,
    2.6377584457397463,
    2.505748642815484,
    2.3886393600040012,
    2.2736663871341283,
    2.1654225826263427,
    2.0770790656407674,
    1.9933919880125257,
    1.9039381159676445,
    1.8275195201237997,
    1.7577875587675307,
    1.6927488962809245,
    1.628245014614529,
    1.5786831378936768,
    1.5104898081885443,
    1.47704881562127
  ],
  "val_loss": [
    6.9854936599731445,
    4.842466990152995,
    4.027041753133138,
    3.522688388824463,
    3.2309009234110513,
    3.053150018056234,
    2.9385674794514975,
    2.862872282663981,
    2.7988084157307944,
    2.763621966044108,
    2.731377124786377,
    2.7000293731689453,
    2.682976484298706,
    2.69744880994161,
    2.70198122660319,
    2.6898955504099527,
    2.6884016195933023,
    2.717137416203817,
    2.7286933263142905,
    2.754333972930908,
    2.7545219262441,
    2.76928440729777,
    2.805302619934082
  ],
  "val_perplexity": [
    5.733770917125351,
    3.355553543879276,
    2.736720862746214,
    2.4125206100154926,
    2.2428003265189194,
    2.1453173808056025,
    2.0847352522761504,
    2.045655079894444,
    2.01315290780182,
    1.9955216433191028,
    1.9794999873956247,
    1.964047398490906,
    1.9556920509917763,
    1.962780720004507,
    1.9650060155218185,
    1.9590778691335113,
    1.9583463240515036,
    1.9724656399667861,
    1.9781722880946853,
    1.990893420940692,
    1.9909869718922457,
    1.9983485247472035,
    2.0164240190102354
  ]
}