{
  "train_loss": [
    10.052843146853977,
    6.245074727800158,
    4.732377200656467,
    4.069170824686686,
    3.6355643802218967,
    3.3365376737382677,
    3.1169656382666693,
    2.9385662608676486,
    2.780181132422553,
    2.6524060832129583,
    2.5295974996354844,
    2.415740394592285,
    2.323588392469618,
    2.225221421983507,
    2.13394939104716,
    2.0552445729573567,
    1.9763214243782892,
    1.9081323676639133,
    1.8337337123023139,
    1.7743762069278293,
    1.716151155365838,
    1.65876341925727,
    1.604631733894348,
    1.5513208601209851,
    1.511337439219157,
    1.4544768015543619,
    1.4097718874613443,
    1.3737879594167073
  ],
  "val_loss": [
    7.247707049051921,
    5.073085308074951,
    4.197544892628987,
    3.6870474815368652,
    3.36759344736735,
    3.169257164001465,
    3.039400498072306,
    2.945326805114746,
    2.859071413675944,
    2.7961692015329995,
    2.7623935540517173,
    2.7473742167154946,
    2.706824858983358,
    2.7188080151875815,
    2.707993825276693,
    2.7056190967559814,
    2.704798857371012,
    2.6994059880574546,
    2.731361468633016,
    2.7518595854441323,
    2.766490379969279,
    2.7897822856903076,
    2.8041440645853677,
    2.8389408588409424,
    2.845207691192627,
    2.8662989139556885,
    2.8877859115600586,
    2.9429707527160645
  ],
  "val_perplexity": [
    6.12223216129276,
    3.5547023301424128,
    2.8558976961421605,
    2.513715331301643,
    2.3207684559397173,
    2.208501631962672,
    2.1379557693322724,
    2.088261081588658,
    2.043712186387744,
    2.0118250604750316,
    1.994908906731108,
    1.9874323995818064,
    1.9673868984370941,
    1.9732896117940308,
    1.9679619347003081,
    1.9667939376106123,
    1.9663906684967398,
    1.9637413328644993,
    1.9794922395719423,
    1.9896622413398075,
    1.9969531520451227,
    2.0086152843903347,
    2.015840068873512,
    2.033452758978493,
    2.036641082796582,
    2.0474082571509356,
    2.058436013885111,
    2.0870314306318822
  ]
}